{"cameraMode":{"drawMode":0,"name":"Shaded","section":"Shading Mode"},"sceneLighting":true,"audioPlay":false,"sceneViewState":{"m_AlwaysRefresh":false,"showFog":true,"showSkybox":true,"showFlares":true,"showImageEffects":true,"showParticleSystems":true,"showVisualEffectGraphs":true,"m_FxEnabled":true},"in2DMode":false,"pivot":{"x":-19.196699142456056,"y":10.23000717163086,"z":20.28325653076172},"rotation":{"x":-0.0617726594209671,"y":0.006581570021808147,"z":-0.0004452622670214623,"w":-0.9981116652488709},"size":45.46841812133789,"orthographic":false}