{"cameraMode":{"drawMode":0,"name":"Shaded","section":"Shading Mode"},"sceneLighting":false,"audioPlay":false,"sceneViewState":{"m_AlwaysRefresh":false,"showFog":true,"showSkybox":false,"showFlares":true,"showImageEffects":true,"showParticleSystems":true,"showVisualEffectGraphs":true,"m_FxEnabled":true},"in2DMode":false,"pivot":{"x":11.838562965393067,"y":19.008512496948243,"z":2.4462766647338869},"rotation":{"x":-0.024259449914097787,"y":0.06353691220283508,"z":-0.0015513902762904764,"w":-0.9977062344551086},"size":36.751007080078128,"orthographic":false}